公表日時,時間,結果,予想,前回,
2023年10月31日 (10月),23:00,102.6,100.0,104.3,
2023年09月26日 (9月),23:00,103.0,105.5,108.7,
2023年08月29日 (8月),23:00,106.1,116.0,114.0,
2023年07月25日 (7月),23:00,117.0,111.8,110.1,
2023年06月27日 (6月),23:00,109.7,104.0,102.5,
2023年05月30日 (5月),23:00,102.3,99.0,103.7,
2023年04月25日 (4月),23:00,101.3,104.0,104.0,
2023年03月28日 (3月),23:00,104.2,101.0,103.4,
2023年03月01日 (2月),00:00,102.9,108.5,106.0,
2023年02月01日 (1月),00:00,107.1,109.0,109.0,
2022年12月22日 (12月),00:00,108.3,101.0,101.4,
2022年11月30日 (11月),00:00,100.2,100.0,102.2,
2022年10月25日 (10月),23:00,102.5,106.5,107.8,
2022年09月27日 (9月),23:00,108.0,104.5,103.6,
2022年08月30日 (8月),23:00,103.2,97.9,95.3,
2022年07月26日 (7月),23:00,95.7,97.2,98.4,
2022年06月28日 (6月),23:00,98.7,100.4,103.2,
2022年05月31日 (5月),23:00,106.4,103.9,108.6,
2022年04月26日 (4月),23:00,107.3,108.0,107.6,
2022年03月29日 (3月),23:00,107.2,107.0,105.7,
2022年02月23日 (2月),00:00,110.5,110.0,111.1,
2022年01月26日 (1月),00:00,113.8,111.8,115.2,
2021年12月23日 (12月),00:00,115.8,110.8,111.9,
2021年12月01日 (11月),00:00,109.5,111.0,111.6,
2021年10月26日 (10月),23:00,113.8,108.3,109.8,
2021年09月28日 (9月),23:00,109.3,114.5,115.2,
2021年08月31日 (8月),23:00,113.8,124.0,125.1,
2021年07月27日 (7月),23:00,129.1,123.9,128.9,
2021年06月29日 (6月),23:00,127.3,119.0,120.0,
2021年05月25日 (5月),23:00,117.2,119.2,117.5,
2021年04月27日 (4月),23:00,121.7,113.0,109.0,
2021年03月30日 (3月),23:00,109.7,96.9,90.4,
2021年02月24日 (2月),00:00,91.3,90.0,88.9,
2021年01月27日 (1月),00:00,89.3,89.0,87.1,
2020年12月23日 (12月),00:00,88.6,97.0,92.9,
2020年11月25日 (11月),00:00,96.1,98.0,101.4,
2020年10月27日 (10月),23:00,100.9,102.0,101.3,
2020年09月29日 (9月),23:00,101.8,89.2,86.3,
2020年08月25日 (8月),23:00,84.8,93.0,91.7,
2020年07月28日 (7月),23:00,92.6,94.5,98.3,
2020年06月30日 (6月),23:00,98.1,91.8,85.9,
2020年05月26日 (5月),23:00,86.6,88.0,85.7,
2020年04月28日 (4月),23:00,86.9,87.9,118.8,
2020年03月31日 (3月),23:00,120.0,110.0,132.6,
2020年02月26日 (2月),00:00,130.7,132.0,130.4,
2020年01月29日 (1月),00:00,131.6,128.0,128.2,
2020年01月01日 (12月),00:00,126.5,128.2,126.8,
2019年11月27日 (11月),00:00,125.5,127.0,126.1,
2019年10月29日 (10月),23:00,125.9,128.0,126.3,
2019年09月24日 (9月),23:00,125.1,134.1,134.2,
2019年08月27日 (8月),23:00,135.1,129.5,135.8,
2019年07月30日 (7月),23:00,135.7,125.0,124.3,
2019年06月25日 (6月),23:00,121.5,131.1,131.3,
2019年05月28日 (5月),23:00,134.1,130.1,129.2,
2019年04月30日 (4月),23:00,129.2,126.0,124.1,
2019年03月26日 (3月),23:00,124.1,132.0,131.4,
2019年02月27日 (2月),00:00,131.4,124.7,121.7,
2019年01月30日 (1月),00:00,120.2,124.7,126.6,
2018年12月28日 (12月),00:00,128.1,133.7,136.4,
2018年11月28日 (11月),00:00,135.7,135.9,137.9,
2018年10月30日 (10月),23:00,137.9,136.0,135.3,
2018年09月25日 (9月),23:00,138.4,132.2,134.7,
2018年08月28日 (8月),23:00,133.4,126.7,127.9,
2018年07月31日 (7月),23:00,127.4,126.5,127.1,
2018年06月26日 (6月),23:00,126.4,127.6,128.8,
2018年05月29日 (5月),23:00,128.0,128.2,125.6,
2018年04月24日 (4月),23:00,128.7,126.0,127.0,
2018年03月27日 (3月),23:00,127.7,131.0,130.0,
2018年02月28日 (2月),00:00,130.8,126.2,124.3,
2018年01月31日 (1月),00:00,125.4,123.1,123.1,
2017年12月28日 (12月),00:00,122.1,128.0,128.6,
2017年11月29日 (11月),00:00,129.5,124.0,126.2,
2017年10月31日 (10月),23:00,125.9,121.0,120.6,
2017年09月26日 (9月),23:00,119.8,120.0,120.4,
2017年08月29日 (8月),23:00,122.9,120.3,120.0,
2017年07月25日 (7月),23:00,121.1,116.5,117.3,
2017年06月27日 (6月),23:00,118.9,116.0,117.6,
2017年05月30日 (5月),23:00,117.9,119.8,119.4,
2017年04月25日 (4月),23:00,120.3,122.5,124.9,
2017年03月28日 (3月),23:00,125.6,114.0,116.1,
2017年03月01日 (2月),00:00,114.8,111.0,111.6,
2017年02月01日 (1月),00:00,111.8,113.0,113.3,
2016年12月28日 (12月),00:00,113.7,109.0,109.4,
2016年11月30日 (11月),00:00,107.1,101.2,100.8,
2016年10月25日 (10月),23:00,98.6,101.0,103.5,
2016年09月27日 (9月),23:00,104.1,99.0,101.8,
2016年08月30日 (8月),23:00,101.1,97.0,96.7,
2016年07月26日 (7月),23:00,97.3,95.9,97.4,
2016年06月28日 (6月),23:00,98.0,93.3,92.4,
2016年05月31日 (5月),23:00,92.6,96.0,94.7,
2016年04月26日 (4月),23:00,94.2,96.0,96.1,
2016年03月29日 (3月),23:00,96.2,94.0,94.0,
2016年02月24日 (2月),00:00,92.2,97.0,97.8,
2016年01月27日 (1月),00:00,98.1,96.5,96.3,
2015年12月30日 (12月),00:00,96.5,93.8,92.6,
2015年11月25日 (11月),00:00,90.4,99.5,99.1,
2015年10月27日 (10月),23:00,97.6,103.0,102.6,
2015年09月29日 (9月),23:00,103.0,96.1,101.3,
2015年08月25日 (8月),23:00,101.5,93.4,91.0,
2015年07月28日 (7月),23:00,90.9,100.0,99.8,
2015年06月30日 (6月),23:00,101.4,97.3,94.6,
2015年05月26日 (5月),23:00,95.4,94.9,94.3,
2015年04月28日 (4月),23:00,95.2,102.5,101.4,
2015年03月31日 (3月),23:00,101.3,96.0,98.8,
2015年02月25日 (2月),00:00,96.4,99.6,103.8,
2015年01月28日 (1月),00:00,102.9,95.1,93.1,
2014年12月31日 (12月),00:00,92.6,93.2,91.0,
2014年11月26日 (11月),00:00,88.7,95.9,94.1,
2014年10月28日 (10月),23:00,94.5,87.0,89.0,
2014年09月30日 (9月),23:00,86.0,92.5,93.4,
2014年08月26日,23:00,92.4,89.0,90.3,
2014年07月29日,23:00,90.9,85.3,86.4,
2014年06月24日,23:00,85.2,83.5,82.2,
2014年05月27日,23:00,83.0,83.0,81.7,
2014年04月29日,23:00,82.3,83.0,83.9,
2014年03月25日,23:00,82.3,78.6,78.3,
2014年02月26日,00:00,78.1,80.0,79.4,
2014年01月29日,00:00,80.7,78.1,77.5,
2014年01月01日,00:00,78.1,76.0,72.0,
2013年11月27日,00:00,70.4,72.9,72.4,
2013年10月29日,23:00,71.2,75.0,80.2,
2013年09月24日,23:00,79.7,79.9,81.8,
2013年08月27日,23:00,81.5,79.0,81.0,
2013年07月30日,23:00,80.3,81.4,82.1,
2013年06月25日,23:00,81.4,75.4,74.3,
2013年05月28日,23:00,76.2,71.0,69.0,
2013年04月30日,23:00,68.1,60.8,61.9,
2013年03月26日,23:00,59.7,68.0,68.0,
2013年02月27日,00:00,69.6,61.0,58.4,
2013年01月30日,00:00,58.6,64.0,66.7,
2012年12月28日,00:00,65.1,70.0,71.5,
2012年11月28日,00:00,73.7,73.0,73.1,
2012年11月01日,23:00,72.2,72.5,68.4,
2012年09月25日,23:00,70.3,63.0,61.3,
2012年08月28日,23:00,60.6,66.0,65.4,
2012年07月31日,23:00,65.9,61.5,62.7,
2012年06月26日,23:00,62.0,63.5,64.4,
2012年05月29日,23:00,64.9,70.0,68.7,
2012年04月24日,23:00,69.2,69.7,69.5,
2012年03月27日,23:00,70.2,70.3,71.6,
2012年02月29日,00:00,70.8,63.0,61.5,
2012年02月01日,00:00,61.1,68.2,64.8,
2011年12月28日,00:00,64.5,58.2,55.2,
2011年11月30日,00:00,56.0,43.0,40.9,
2011年10月25日,23:00,39.8,46.0,46.4,
2011年09月27日,23:00,45.4,46.5,45.2,
2011年08月30日,23:00,44.5,52.2,59.2,
2011年07月26日,23:00,59.5,56.0,57.6,
2011年06月28日,22:45,58.5,60.3,61.7,
2011年05月31日,23:00,60.8,66.3,66.0,
2011年04月26日,23:00,65.4,64.4,63.8,
2011年03月29日,23:00,63.4,65.0,72.0,
2011年02月23日,00:00,70.4,65.1,64.8,
2011年01月26日,00:00,60.6,53.5,53.3,
2010年12月29日,00:00,52.5,56.1,54.3,
2010年12月01日,00:00,54.1,52.0,49.9,
2010年10月26日,23:00,50.2,49.0,48.6,
2010年09月28日,23:00,48.5,52.9,53.2,
2010年08月31日,23:00,53.5,50.0,51.0,
2010年07月27日,23:00,50.4,51.0,54.3,
2010年06月29日,23:00,52.9,62.0,62.7,
2010年05月25日,23:00,63.3,58.3,57.7,
2010年04月27日,23:00,57.9,53.7,52.3,
2010年03月30日,23:00,52.5,50.0,46.4,
2010年02月24日,00:00,46.0,55.0,56.5,
2010年01月27日,00:00,55.9,53.5,53.6,
2009年12月30日,00:00,52.9,53.0,50.6,
2009年11月25日,00:00,49.5,47.7,48.7,
2009年10月27日,23:00,47.7,53.4,53.4,
2009年09月29日,23:00,53.1,57.0,54.5,
2009年08月25日,23:00,54.1,48.1,47.4,
2009年07月28日,23:00,46.6,49.0,49.3,
2009年06月30日,23:00,49.3,55.8,54.8,
2009年05月26日,23:00,54.9,42.1,40.8,
2009年04月28日,23:00,39.2,29.6,26.9,
2009年03月31日,23:00,26.0,27.8,25.0,
2009年02月25日,00:00,25.0,35.5,37.7,
2009年01月28日,00:00,37.7,38.7,38.0,
2008年12月31日,00:00,38.0,45.5,44.9,
2008年11月26日,00:00,44.9,38.0,38.0,
2008年10月28日,23:00,38.0,52.2,59.8,
2008年09月30日,23:00,59.8,54.6,56.9,
2008年08月26日,23:00,56.9,53.0,51.9,
2008年07月29日,23:00,51.9,50.0,50.4,
2008年06月24日,23:00,50.4,56.4,57.2,
2008年05月28日,00:00,52.7,60.0,62.3,
2008年04月29日,23:00,62.3,61.5,64.5,
2008年03月25日,23:00,64.5,73.5,75.0,
2008年02月27日,00:00,75.0,82.0,87.9,
2008年01月01日 (12月),18:00,90.60, ,87.80,
2007年12月01日 (11月),18:00,87.80, ,95.20,
2007年11月01日 (10月),18:00,95.20, ,99.50,
2007年10月01日 (9月),18:00,99.50, ,105.60,
2007年09月01日 (8月),18:00,105.60, ,111.90,
2007年08月01日 (7月),18:00,111.90, ,105.30,
2007年07月01日 (6月),18:00,105.30, ,108.50,
2007年06月01日 (5月),18:00,108.50, ,106.30,
2007年05月01日 (4月),18:00,106.30, ,108.20,
2007年04月01日 (3月),18:00,108.20, ,111.20,
2007年03月01日 (2月),18:00,111.20, ,110.20,
2007年02月01日 (1月),18:00,110.20, ,110.00,
2007年01月01日 (12月),18:00,110.00, ,105.30,
2006年12月01日 (11月),18:00,105.30, ,105.10,
2006年11月01日 (10月),18:00,105.10, ,105.90,
2006年10月01日 (9月),18:00,105.90, ,100.20,
2006年09月01日 (8月),18:00,100.20, ,107.00,
2006年08月01日 (7月),18:00,107.00, ,105.40,
2006年07月01日 (6月),18:00,105.40, ,104.70,
2006年06月01日 (5月),18:00,104.70, ,109.80,
2006年05月01日 (4月),18:00,109.80, ,107.50,
2006年04月01日 (3月),18:00,107.50, ,102.70,
2006年03月01日 (2月),18:00,102.70, ,106.80,
2006年02月01日 (1月),18:00,106.80, ,103.80,
2006年01月01日 (12月),18:00,103.80, ,98.30,
2005年12月01日 (11月),18:00,98.30, ,85.20,
2005年11月01日 (10月),18:00,85.20, ,87.50,
2005年10月01日 (9月),18:00,87.50, ,105.50,
2005年09月01日 (8月),18:00,105.50, ,103.60,
2005年08月01日 (7月),18:00,103.60, ,106.20,
2005年07月01日 (6月),18:00,106.20, ,103.10,
2005年06月01日 (5月),18:00,103.10, ,97.50,
2005年05月01日 (4月),18:00,97.50, ,103.00,
2005年04月01日 (3月),18:00,103.00, ,104.40,
2005年03月01日 (2月),18:00,104.40, ,105.10,
2005年02月01日 (1月),18:00,105.10, ,102.70,
2005年01月01日 (12月),18:00,102.70, ,92.60,
2004年12月01日 (11月),18:00,92.60, ,92.90,
2004年11月01日 (10月),18:00,92.90, ,96.70,
2004年10月01日 (9月),18:00,96.70, ,98.70,
2004年09月01日 (8月),18:00,98.70, ,105.70,
2004年08月01日 (7月),18:00,105.70, ,102.80,
2004年07月01日 (6月),18:00,102.80, ,93.10,
2004年06月01日 (5月),18:00,93.10, ,93.00,
2004年05月01日 (4月),18:00,93.00, ,88.50,
2004年04月01日 (3月),18:00,88.50, ,88.50,
2004年03月01日 (2月),18:00,88.50, ,97.70,
2004年02月01日 (1月),18:00,97.70, ,94.80,
2004年01月01日 (12月),18:00,94.80, ,92.50,
2003年12月01日 (11月),18:00,92.50, ,81.70,
2003年11月01日 (10月),18:00,81.70, ,77.00,
2003年10月01日 (9月),18:00,77.00, ,81.70,
2003年09月01日 (8月),18:00,81.70, ,77.00,
2003年08月01日 (7月),18:00,77.00, ,83.50,
2003年07月01日 (6月),18:00,83.50, ,83.60,
2003年06月01日 (5月),18:00,83.60, ,81.00,
2003年05月01日 (4月),18:00,81.00, ,61.40,
2003年04月01日 (3月),18:00,61.40, ,64.80,
2003年03月01日 (2月),18:00,64.80, ,78.80,
2003年02月01日 (1月),18:00,78.80, ,80.70,
2003年01月01日 (12月),18:00,80.70, ,84.90,
2002年12月01日 (11月),18:00,84.90, ,79.60,
2002年11月01日 (10月),18:00,79.60, ,93.70,
2002年10月01日 (9月),18:00,93.70, ,94.50,
2002年09月01日 (8月),18:00,94.50, ,97.40,
2002年08月01日 (7月),18:00,97.40, ,106.30,
2002年07月01日 (6月),18:00,106.30, ,110.30,
2002年06月01日 (5月),18:00,110.30, ,108.50,
2002年05月01日 (4月),18:00,108.50, ,110.70,
2002年04月01日 (3月),18:00,110.70, ,95.00,
2002年03月01日 (2月),18:00,95.00, ,97.80,
2002年02月01日 (1月),18:00,97.80, ,94.60,
2002年01月01日 (12月),18:00,94.60, ,84.90,
2001年12月01日 (11月),18:00,84.90, ,85.30,
2001年11月01日 (10月),18:00,85.30, ,97.00,
2001年10月01日 (9月),18:00,97.00, ,114.00,
2001年09月01日 (8月),18:00,114.00, ,116.30,
2001年08月01日 (7月),18:00,116.30, ,118.90,
2001年07月01日 (6月),18:00,118.90, ,116.10,
2001年06月01日 (5月),18:00,116.10, ,109.90,
2001年05月01日 (4月),18:00,109.90, ,116.90,
2001年04月01日 (3月),18:00,116.90, ,109.20,
2001年03月01日 (2月),18:00,109.20, ,115.70,
2001年02月01日 (1月),18:00,115.70, ,128.60,
2001年01月01日 (12月),18:00,128.60, ,132.60,
2000年12月01日 (11月),18:00,132.60, ,135.80,
2000年11月01日 (10月),18:00,135.80, ,142.50,
2000年10月01日 (9月),18:00,142.50, ,140.80,
2000年09月01日 (8月),18:00,140.80, ,143.00,
2000年08月01日 (7月),18:00,143.00, ,139.20,
2000年07月01日 (6月),18:00,139.20, ,144.70,
2000年06月01日 (5月),18:00,144.70, ,137.70,
2000年05月01日 (4月),18:00,137.70, ,137.10,
2000年04月01日 (3月),18:00,137.10, ,140.80,
2000年03月01日 (2月),18:00,140.80, ,144.70,
2000年02月01日 (1月),18:00,144.70, ,141.70,
2000年01月01日 (12月),18:00,141.70, ,137.00,
1999年12月01日 (11月),18:00,137.00, ,130.50,
1999年11月01日 (10月),18:00,130.50, ,134.20,
1999年10月01日 (9月),18:00,134.20, ,136.00,
1999年09月01日 (8月),18:00,136.00, ,136.20,
1999年08月01日 (7月),18:00,136.20, ,139.00,
1999年07月01日 (6月),18:00,139.00, ,137.70,
1999年06月01日 (5月),18:00,137.70, ,135.50,
1999年05月01日 (4月),18:00,135.50, ,134.00,
1999年04月01日 (3月),18:00,134.00, ,133.10,
1999年03月01日 (2月),18:00,133.10, ,128.90,
1999年02月01日 (1月),18:00,128.90, ,126.70,
1999年01月01日 (12月),18:00,126.70, ,126.40,
1998年12月01日 (11月),18:00,126.40, ,119.30,
1998年11月01日 (10月),18:00,119.30, ,126.40,
1998年10月01日 (9月),18:00,126.40, ,133.10,
1998年09月01日 (8月),18:00,133.10, ,137.20,
1998年08月01日 (7月),18:00,137.20, ,138.20,
1998年07月01日 (6月),18:00,138.20, ,136.30,
1998年06月01日 (5月),18:00,136.30, ,137.20,
1998年05月01日 (4月),18:00,137.20, ,133.80,
1998年04月01日 (3月),18:00,133.80, ,137.40,
1998年03月01日 (2月),18:00,137.40, ,128.30,
1998年02月01日 (1月),18:00,128.30, ,136.20,
1998年01月01日 (12月),18:00,136.20, ,128.10,
1997年12月01日 (11月),18:00,128.10, ,123.40,
1997年11月01日 (10月),18:00,123.40, ,130.20,
1997年10月01日 (9月),18:00,130.20, ,127.60,
1997年09月01日 (8月),18:00,127.60, ,126.30,
1997年08月01日 (7月),18:00,126.30, ,129.90,
1997年07月01日 (6月),18:00,129.90, ,127.90,
1997年06月01日 (5月),18:00,127.90, ,118.50,
1997年05月01日 (4月),18:00,118.50, ,118.50,
1997年04月01日 (3月),18:00,118.50, ,118.90,
1997年03月01日 (2月),18:00,118.90, ,118.70,
1997年02月01日 (1月),18:00,118.70, ,114.20,
1997年01月01日 (12月),18:00,114.20, ,109.50,
1996年12月01日 (11月),18:00,109.50, ,107.30,
1996年11月01日 (10月),18:00,107.30, ,111.80,
1996年10月01日 (9月),18:00,111.80, ,112.00,
1996年09月01日 (8月),18:00,112.00, ,107.00,
1996年08月01日 (7月),18:00,107.00, ,100.10,
1996年07月01日 (6月),18:00,100.10, ,103.50,
1996年06月01日 (5月),18:00,103.50, ,104.80,
1996年05月01日 (4月),18:00,104.80, ,98.40,
1996年04月01日 (3月),18:00,98.40, ,98.00,
1996年03月01日 (2月),18:00,98.00, ,88.40,
1996年02月01日 (1月),18:00,88.40, ,99.20,
1996年01月01日 (12月),18:00,99.20, ,101.60,
1995年12月01日 (11月),18:00,101.60, ,96.30,
1995年11月01日 (10月),18:00,96.30, ,97.30,
1995年10月01日 (9月),18:00,97.30, ,102.40,
1995年09月01日 (8月),18:00,102.40, ,101.40,
1995年08月01日 (7月),18:00,101.40, ,94.60,
1995年07月01日 (6月),18:00,94.60, ,102.00,
1995年06月01日 (5月),18:00,102.00, ,104.60,
1995年05月01日 (4月),18:00,104.60, ,100.20,
1995年04月01日 (3月),18:00,100.20, ,99.40,
1995年03月01日 (2月),18:00,99.40, ,101.40,
1995年02月01日 (1月),18:00,101.40, ,103.40,
1995年01月01日 (12月),18:00,103.40, ,100.40,
1994年12月01日 (11月),18:00,100.40, ,89.10,
1994年11月01日 (10月),18:00,89.10, ,89.50,
1994年10月01日 (9月),18:00,89.50, ,90.40,
1994年09月01日 (8月),18:00,90.40, ,91.30,
1994年08月01日 (7月),18:00,91.30, ,92.50,
1994年07月01日 (6月),18:00,92.50, ,88.90,
1994年06月01日 (5月),18:00,88.90, ,92.10,
1994年05月01日 (4月),18:00,92.10, ,86.70,
1994年04月01日 (3月),18:00,86.70, ,79.90,
1994年03月01日 (2月),18:00,79.90, ,82.60,
1994年02月01日 (1月),18:00,82.60, ,79.80,
1994年01月01日 (12月),18:00,79.80, ,71.90,
1993年12月01日 (11月),18:00,71.90, ,60.50,
1993年11月01日 (10月),18:00,60.50, ,63.80,
1993年10月01日 (9月),18:00,63.80, ,59.30,
1993年09月01日 (8月),18:00,59.30, ,59.20,
1993年08月01日 (7月),18:00,59.20, ,58.60,
1993年07月01日 (6月),18:00,58.60, ,61.90,
1993年06月01日 (5月),18:00,61.90, ,67.60,
1993年05月01日 (4月),18:00,67.60, ,63.20,
1993年04月01日 (3月),18:00,63.20, ,68.50,
1993年03月01日 (2月),18:00,68.50, ,76.70,
1993年02月01日 (1月),18:00,76.70, ,78.10,
1993年01月01日 (12月),18:00,78.10, ,65.60,
1992年12月01日 (11月),18:00,65.60, ,54.60,
1992年11月01日 (10月),18:00,54.60, ,57.30,
1992年10月01日 (9月),18:00,57.30, ,59.00,
1992年09月01日 (8月),18:00,59.00, ,61.20,
1992年08月01日 (7月),18:00,61.20, ,72.60,
1992年07月01日 (6月),18:00,72.60, ,71.90,
1992年06月01日 (5月),18:00,71.90, ,65.10,
1992年05月01日 (4月),18:00,65.10, ,56.50,
1992年04月01日 (3月),18:00,56.50, ,47.30,
1992年03月01日 (2月),18:00,47.30, ,50.20,
1992年02月01日 (1月),18:00,50.20, ,52.50,
1992年01月01日 (12月),18:00,52.50, ,52.70,
1991年12月01日 (11月),18:00,52.70, ,60.10,
1991年11月01日 (10月),18:00,60.10, ,72.90,
1991年10月01日 (9月),18:00,72.90, ,76.10,
1991年09月01日 (8月),18:00,76.10, ,77.70,
1991年08月01日 (7月),18:00,77.70, ,78.00,
1991年07月01日 (6月),18:00,78.00, ,76.40,
1991年06月01日 (5月),18:00,76.40, ,79.40,
1991年05月01日 (4月),18:00,79.40, ,81.10,
1991年04月01日 (3月),18:00,81.10, ,59.40,
1991年03月01日 (2月),18:00,59.40, ,55.10,
1991年02月01日 (1月),18:00,55.10, ,61.20,
1991年01月01日 (12月),18:00,61.20, ,61.70,
1990年12月01日 (11月),18:00,61.70, ,62.60,
1990年11月01日 (10月),18:00,62.60, ,85.60,
1990年10月01日 (9月),18:00,85.60, ,84.70,
1990年09月01日 (8月),18:00,84.70, ,101.70,
1990年08月01日 (7月),18:00,101.70, ,102.40,
1990年07月01日 (6月),18:00,102.40, ,107.30,
1990年06月01日 (5月),18:00,107.30, ,107.30,
1990年05月01日 (4月),18:00,107.30, ,110.60,
1990年04月01日 (3月),18:00,110.60, ,106.70,
1990年03月01日 (2月),18:00,106.70, ,106.50,
1990年02月01日 (1月),18:00,106.50, ,113.00,
1990年01月01日 (12月),18:00,113.00, ,115.10,
1989年12月01日 (11月),18:00,115.10, ,117.00,
1989年11月01日 (10月),18:00,117.00, ,116.30,
1989年10月01日 (9月),18:00,116.30, ,115.40,
1989年09月01日 (8月),18:00,115.40, ,120.40,
1989年08月01日 (7月),18:00,120.40, ,117.20,
1989年07月01日 (6月),18:00,117.20, ,116.70,
1989年06月01日 (5月),18:00,116.70, ,116.60,
1989年05月01日 (4月),18:00,116.60, ,117.40,
1989年04月01日 (3月),18:00,117.40, ,120.70,
1989年03月01日 (2月),18:00,120.70, ,115.80,
1989年02月01日 (1月),18:00,115.80, ,119.40,
1989年01月01日 (12月),18:00,119.40, ,112.90,
1988年12月01日 (11月),18:00,112.90, ,116.90,
1988年11月01日 (10月),18:00,116.90, ,110.70,
1988年10月01日 (9月),18:00,110.70, ,119.70,
1988年09月01日 (8月),18:00,119.70, ,113.50,
1988年08月01日 (7月),18:00,113.50, ,115.70,
1988年07月01日 (6月),18:00,115.70, ,120.20,
1988年06月01日 (5月),18:00,120.20, ,115.70,
1988年05月01日 (4月),18:00,115.70, ,112.70,
1988年04月01日 (3月),18:00,112.70, ,114.90,
1988年03月01日 (2月),18:00,114.90, ,109.90,
1988年02月01日 (1月),18:00,109.90, ,107.70,
1988年01月01日 (12月),18:00,107.70, ,100.80,
1987年12月01日 (11月),18:00,100.80, ,115.10,
1987年11月01日 (10月),18:00,115.10, ,115.70,
1987年10月01日 (9月),18:00,115.70, ,110.70,
1987年09月01日 (8月),18:00,110.70, ,105.80,
1987年08月01日 (7月),18:00,105.80, ,102.10,
1987年07月01日 (6月),18:00,102.10, ,103.00,
1987年06月01日 (5月),18:00,103.00, ,97.40,
1987年05月01日 (4月),18:00,97.40, ,95.80,
1987年04月01日 (3月),18:00,95.80, ,91.80,
1987年03月01日 (2月),18:00,91.80, ,85.40,
1987年02月01日 (1月),18:00,85.40, ,93.20,
1987年01月01日 (12月),18:00,93.20, ,89.70,
1986年12月01日 (11月),18:00,89.70, ,85.80,
1986年11月01日 (10月),18:00,85.80, ,89.70,
1986年10月01日 (9月),18:00,89.70, ,91.70,
1986年09月01日 (8月),18:00,91.70, ,97.50,
1986年08月01日 (7月),18:00,97.50, ,100.00,
1986年07月01日 (6月),18:00,100.00, ,100.20,
1986年06月01日 (5月),18:00,100.20, ,100.00,
1986年05月01日 (4月),18:00,100.00, ,95.10,
1986年04月01日 (3月),18:00,95.10, ,96.00,
1986年03月01日 (2月),18:00,96.00, ,96.90,
1986年02月01日 (1月),18:00,96.90, ,98.20,
1986年01月01日 (12月),18:00,98.20, ,98.10,
1985年12月01日 (11月),18:00,98.10, ,96.10,
1985年11月01日 (10月),18:00,96.10, ,96.00,
1985年10月01日 (9月),18:00,96.00, ,100.90,
1985年09月01日 (8月),18:00,100.90, ,103.20,
1985年08月01日 (7月),18:00,103.20, ,102.60,
1985年07月01日 (6月),18:00,102.60, ,99.60,
1985年06月01日 (5月),18:00,99.60, ,104.40,
1985年05月01日 (4月),18:00,104.40, ,96.10,
1985年04月01日 (3月),18:00,96.10, ,103.10,
1985年03月01日 (2月),18:00,103.10, ,102.00,
1985年02月01日 (1月),18:00,102.00, ,97.00,
1985年01月01日 (12月),18:00,97.00, ,105.50,
1984年12月01日 (11月),18:00,105.50, ,99.10,
1984年11月01日 (10月),18:00,99.10, ,100.00,
1984年10月01日 (9月),18:00,100.00, ,103.10,
1984年09月01日 (8月),18:00,103.10, ,100.40,
1984年08月01日 (7月),18:00,100.40, ,105.80,
1984年07月01日 (6月),18:00,105.80, ,104.80,
1984年06月01日 (5月),18:00,104.80, ,106.10,
1984年05月01日 (4月),18:00,106.10, ,101.10,
1984年04月01日 (3月),18:00,101.10, ,101.00,
1984年03月01日 (2月),18:00,101.00, ,103.90,
1984年02月01日 (1月),18:00,103.90, ,103.60,
1984年01月01日 (12月),18:00,103.60, ,96.70,
1983年12月01日 (11月),18:00,96.70, ,92.10,
1983年11月01日 (10月),18:00,92.10, ,91.10,
1983年10月01日 (9月),18:00,91.10, ,91.20,
1983年09月01日 (8月),18:00,91.20, ,89.00,
1983年08月01日 (7月),18:00,89.00, ,87.50,
1983年07月01日 (6月),18:00,87.50, ,87.70,
1983年06月01日 (5月),18:00,87.70, ,83.10,
1983年05月01日 (4月),18:00,83.10, ,79.40,
1983年04月01日 (3月),18:00,79.40, ,67.60,
1983年03月01日 (2月),18:00,67.60, ,59.00,
1983年02月01日 (1月),18:00,59.00, ,59.50,
1983年01月01日 (12月),18:00,59.50, ,57.40,
1982年12月01日 (11月),18:00,57.40, ,54.30,
1982年11月01日 (10月),18:00,54.30, ,58.10,
1982年10月01日 (9月),18:00,58.10, ,56.90,
1982年09月01日 (8月),18:00,56.90, ,63.20,
1982年08月01日 (7月),18:00,63.20, ,56.70,
1982年07月01日 (6月),18:00,56.70, ,61.40,
1982年06月01日 (5月),18:00,61.40, ,57.00,
1982年05月01日 (4月),18:00,57.00, ,56.70,
1982年04月01日 (3月),18:00,56.70, ,62.30,
1982年03月01日 (2月),18:00,62.30, ,64.90,
1982年02月01日 (1月),18:00,64.90, ,66.60,
1982年01月01日 (12月),18:00,66.60, ,66.90,
1981年12月01日 (11月),18:00,66.90, ,75.60,
1981年11月01日 (10月),18:00,75.60, ,77.60,
1981年10月01日 (9月),18:00,77.60, ,85.70,
1981年09月01日 (8月),18:00,85.70, ,83.50,
1981年08月01日 (7月),18:00,83.50, ,83.00,
1981年07月01日 (6月),18:00,83.00, ,86.90,
1981年06月01日 (5月),18:00,86.90, ,81.60,
1981年05月01日 (4月),18:00,81.60, ,77.80,
1981年04月01日 (3月),18:00,77.80, ,69.00,
1981年03月01日 (2月),18:00,69.00, ,74.40,
1981年02月01日 (1月),18:00,74.40, ,78.60,
1981年01月01日 (12月),18:00,78.60, ,87.20,
1980年12月01日 (11月),18:00,87.20, ,84.20,
1980年11月01日 (10月),18:00,84.20, ,80.30,
1980年10月01日 (9月),18:00,80.30, ,70.80,
1980年09月01日 (8月),18:00,70.80, ,65.40,
1980年08月01日 (7月),18:00,65.40, ,56.10,
1980年07月01日 (6月),18:00,56.10, ,50.10,
1980年06月01日 (5月),18:00,50.10, ,60.50,
1980年05月01日 (4月),18:00,60.50, ,80.80,
1980年04月01日 (3月),18:00,80.80, ,85.30,
1980年03月01日 (2月),18:00,85.30, ,85.90,
1980年02月01日 (1月),18:00,85.90, ,90.70,
1980年01月01日 (12月),18:00,90.70, ,90.20,
1979年12月01日 (11月),18:00,90.20, ,92.30,
1979年11月01日 (10月),18:00,92.30, ,87.80,
1979年10月01日 (9月),18:00,87.80, ,79.40,
1979年09月01日 (8月),18:00,79.40, ,81.40,
1979年08月01日 (7月),18:00,81.40, ,92.70,
1979年07月01日 (6月),18:00,92.70, ,96.00,
1979年06月01日 (5月),18:00,96.00, ,94.60,
1979年05月01日 (4月),18:00,94.60, ,96.40,
1979年04月01日 (3月),18:00,96.40, ,101.50,
1979年03月01日 (2月),18:00,101.50, ,99.50,
1979年02月01日 (1月),18:00,99.50, ,102.20,
1979年01月01日 (12月),18:00,102.20, ,96.50,
1978年12月01日 (11月),18:00,96.50, ,108.60,
1978年11月01日 (10月),18:00,108.60, ,106.60,
1978年10月01日 (9月),18:00,106.60, ,108.00,
1978年09月01日 (8月),18:00,108.00, ,105.40,
1978年08月01日 (7月),18:00,105.40, ,109.50,
1978年07月01日 (6月),18:00,109.50, ,105.50,
1978年06月01日 (5月),18:00,105.50, ,109.90,
1978年05月01日 (4月),18:00,109.90, ,104.70,
1978年04月01日 (3月),18:00,104.70, ,107.00,
1978年03月01日 (2月),18:00,107.00, ,107.80,
1978年02月01日 (1月),18:00,107.80, ,109.70,
1978年01月01日 (12月),18:00,109.70, ,98.90,
1977年12月01日 (11月),18:00,98.90, ,95.50,
1977年11月01日 (10月),18:00,95.50, ,96.70,
1977年10月01日 (9月),18:00,96.70, ,98.70,
1977年09月01日 (8月),18:00,98.70, ,97.50,
1977年08月01日 (7月),18:00,97.50, ,98.20,
1977年07月01日 (6月),18:00,98.20, ,93.10,
1977年06月01日 (5月),18:00,93.10, ,93.10,
1977年05月01日 (4月),18:00,93.10, ,97.60,
1977年04月01日 (3月),18:00,97.60, ,97.60,
1977年03月01日 (2月),18:00,97.60, ,98.90,
1977年02月01日 (1月),18:00,98.90, ,98.90,
1977年01月01日 (12月),18:00,98.90, ,87.10,
1976年12月01日 (11月),18:00,87.10, ,87.10,
1976年11月01日 (10月),18:00,87.10, ,94.60,
1976年10月01日 (9月),18:00,94.60, ,94.60,
1976年09月01日 (8月),18:00,94.60, ,94.50,
1976年08月01日 (7月),18:00,94.50, ,94.50,
1976年07月01日 (6月),18:00,94.50, ,89.50,
1976年06月01日 (5月),18:00,89.50, ,89.50,
1976年05月01日 (4月),18:00,89.50, ,101.00,
1976年04月01日 (3月),18:00,101.00, ,101.00,
1976年03月01日 (2月),18:00,101.00, ,93.70,
1976年02月01日 (1月),18:00,93.70, ,93.70,
1976年01月01日 (12月),18:00,93.70, ,77.60,
1975年12月01日 (11月),18:00,77.60, ,77.60,
1975年11月01日 (10月),18:00,77.60, ,82.40,
1975年10月01日 (9月),18:00,82.40, ,82.40,
1975年09月01日 (8月),18:00,82.40, ,72.20,
1975年08月01日 (7月),18:00,72.20, ,72.20,
1975年07月01日 (6月),18:00,72.20, ,66.40,
1975年06月01日 (5月),18:00,66.40, ,66.40,
1975年05月01日 (4月),18:00,66.40, ,54.50,
1975年04月01日 (3月),18:00,54.50, ,54.50,
1975年03月01日 (2月),18:00,54.50, ,43.20,
1975年02月01日 (1月),18:00,43.20, ,43.20,
1975年01月01日 (12月),18:00,43.20, ,54.50,
1974年12月01日 (11月),18:00,54.50, ,54.50,
1974年11月01日 (10月),18:00,54.50, ,77.30,
1974年10月01日 (9月),18:00,77.30, ,77.30,
1974年09月01日 (8月),18:00,77.30, ,92.50,
1974年08月01日 (7月),18:00,92.50, ,92.50,
1974年07月01日 (6月),18:00,92.50, ,95.10,
1974年06月01日 (5月),18:00,95.10, ,95.10,
1974年05月01日 (4月),18:00,95.10, ,62.70,
1974年04月01日 (3月),18:00,62.70, ,62.70,
1974年03月01日 (2月),18:00,62.70, ,70.60,
1974年02月01日 (1月),18:00,70.60, ,70.60,
1974年01月01日 (12月),18:00,70.60, ,107.50,
1973年12月01日 (11月),18:00,107.50, ,107.50,
1973年11月01日 (10月),18:00,107.50, ,93.80,
1973年10月01日 (9月),18:00,93.80, ,93.80,
1973年09月01日 (8月),18:00,93.80, ,104.40,
1973年08月01日 (7月),18:00,104.40, ,104.40,
1973年07月01日 (6月),18:00,104.40, ,102.80,
1973年06月01日 (5月),18:00,102.80, ,102.80,
1973年05月01日 (4月),18:00,102.80, ,110.80,
1973年04月01日 (3月),18:00,110.80, ,110.80,
1973年03月01日 (2月),18:00,110.80, ,116.10,
1973年02月01日 (1月),18:00,116.10, ,116.10,
1973年01月01日 (12月),18:00,116.10, ,112.00,
1972年12月01日 (11月),18:00,112.00, ,112.00,
1972年11月01日 (10月),18:00,112.00, ,104.10,
1972年10月01日 (9月),18:00,104.10, ,104.10,
1972年09月01日 (8月),18:00,104.10, ,98.90,
1972年08月01日 (7月),18:00,98.90, ,98.90,
1972年07月01日 (6月),18:00,98.90, ,95.10,
1972年06月01日 (5月),18:00,95.10, ,95.10,
1972年05月01日 (4月),18:00,95.10, ,93.60,
1972年04月01日 (3月),18:00,93.60, ,93.60,
1972年03月01日 (2月),18:00,93.60, ,85.00,
1972年02月01日 (1月),18:00,85.00, ,85.00,
1972年01月01日 (12月),18:00,85.00, ,80.30,
1971年12月01日 (11月),18:00,80.30, ,80.30,
1971年11月01日 (10月),18:00,80.30, ,82.10,
1971年10月01日 (9月),18:00,82.10, ,82.10,
1971年09月01日 (8月),18:00,82.10, ,82.30,
1971年08月01日 (7月),18:00,82.30, ,82.30,
1971年07月01日 (6月),18:00,82.30, ,75.20,
1971年06月01日 (5月),18:00,75.20, ,75.20,
1971年05月01日 (4月),18:00,75.20, ,77.40,
1971年04月01日 (3月),18:00,77.40, ,77.40,
1971年03月01日 (2月),18:00,77.40, ,75.70,
1971年02月01日 (1月),18:00,75.70, ,75.70,
1971年01月01日 (12月),18:00,75.70, ,83.20,
1970年12月01日 (11月),18:00,83.20, ,83.20,
1970年11月01日 (10月),18:00,83.20, ,91.00,
1970年10月01日 (9月),18:00,91.00, ,91.00,
1970年09月01日 (8月),18:00,91.00, ,88.10,
1970年08月01日 (7月),18:00,88.10, ,88.10,
1970年07月01日 (6月),18:00,88.10, ,98.00,
1970年06月01日 (5月),18:00,98.00, ,98.00,
1970年05月01日 (4月),18:00,98.00, ,101.70,
1970年04月01日 (3月),18:00,101.70, ,101.70,
1970年03月01日 (2月),18:00,101.70, ,126.00,
1970年02月01日 (1月),18:00,126.00, ,126.00,
1970年01月01日 (12月),18:00,126.00, , ,
